ACTIVITIES;SPORTS;Soccer
ACTIVITIES;SPORTS;Baseball
ACTIVITIES;SPORTS;LaCrosse
ACTIVITIES;SPORTS;Swimming and Diving
ACTIVITIES;SPORTS;Golf
ACTIVITIES;SPORTS;Gymnastics
ACTIVITIES;SPORTS;Tennis
ACTIVITIES;SPORTS;Football
ACTIVITIES;SPORTS;Softball
ACTIVITIES;SPORTS;Basketball
ACTIVITIES;SPORTS;Ice Hockey
ACTIVITIES;SPORTS;Field Hockey
ACTIVITIES;SPORTS;Rugby
ACTIVITIES;SPORTS;Ice Skating
ACTIVITIES;SPORTS;Sailing
ACTIVITIES;SPORTS;Horseback Riding
ACTIVITIES;SPORTS;Biking and Mountain Biking
ACTIVITIES;SPORTS;Track and Field/Running
ACTIVITIES;SPORTS;Volleyball
ACTIVITIES;SPORTS;Archery
ACTIVITIES;SPORTS;Crew and Rowing
ACTIVITIES;SPORTS;Surfing
ACTIVITIES;SPORTS;Rock Climbing
ACTIVITIES;SPORTS;Fencing
ACTIVITIES;SPORTS;Squash
ACTIVITIES;SPORTS;Racquetball
ACTIVITIES;SPORTS;Skateboarding
ACTIVITIES;CAMPS;Church Camps
ACTIVITIES;CAMPS;Language Camps
ACTIVITIES;CAMPS;Day Camps
ACTIVITIES;CAMPS;Summer Camps
ACTIVITIES;CAMPS;Sports Camps
ACTIVITIES;CAMPS;Technology Camps
ACTIVITIES;CAMPS;Music Camps
ACTIVITIES;CAMPS;Camps for Special Needs
ACTIVITIES;ENRICHMENT CLASSES & LESSONS;Music Lessons
ACTIVITIES;ENRICHMENT CLASSES & LESSONS;Martial Arts
ACTIVITIES;ENRICHMENT CLASSES & LESSONS;Dance Classes
ACTIVITIES;ENRICHMENT CLASSES & LESSONS;Math
ACTIVITIES;ENRICHMENT CLASSES & LESSONS;Science
ACTIVITIES;ENRICHMENT CLASSES & LESSONS;History and Culture
ACTIVITIES;ENRICHMENT CLASSES & LESSONS;Visual Arts
ACTIVITIES;ENRICHMENT CLASSES & LESSONS;Languages/Language Arts
ACTIVITIES;ENRICHMENT CLASSES & LESSONS;Technology
ACTIVITIES;ENRICHMENT CLASSES & LESSONS;Filmmaking
ACTIVITIES;ENRICHMENT CLASSES & LESSONS;Cooking Classes
ACTIVITIES;ENRICHMENT CLASSES & LESSONS;Etiquette Classes
ACTIVITIES;ENRICHMENT CLASSES & LESSONS;Communication Classes
ACTIVITIES;ENRICHMENT CLASSES & LESSONS;Acting and Playwriting Classes
ACTIVITIES;ENRICHMENT CLASSES & LESSONS;Nature and Environment
ACTIVITIES;ENRICHMENT CLASSES & LESSONS;Reading
ACTIVITIES;FAMILY OUTINGS;Parks
ACTIVITIES;FAMILY OUTINGS;Museums
ACTIVITIES;FAMILY OUTINGS;Farms, Ranches, and Orchards
ACTIVITIES;FAMILY OUTINGS;Zoos/Petting Zoos
EDUCATION;PRESCHOOLS;Bilingual Preschools
EDUCATION;PRESCHOOLS;School Placement Advisors
EDUCATION;PRESCHOOLS;Montessori Preschools
EDUCATION;PRESCHOOLS;Waldorf Preschools
EDUCATION;PRESCHOOLS;Home-Based Preschools
EDUCATION;PRESCHOOLS;Preschools for Special Needs
EDUCATION;PRESCHOOLS;Independent Preschools
EDUCATION;PRESCHOOLS;Educational Consultants
EDUCATION;PRESCHOOLS;School Placement Advisors
EDUCATION;ELEMENTARY SCHOOLS;Schools for Special Needs
EDUCATION;ELEMENTARY SCHOOLS;Bilingual Schools
EDUCATION;ELEMENTARY SCHOOLS;Independepent Schools
EDUCATION;ELEMENTARY SCHOOLS;Schools for Special Interests
EDUCATION;ELEMENTARY SCHOOLS;School Placement Advisors
EDUCATION;ELEMENTARY SCHOOLS;Educational Consultants
EDUCATION;MIDDLE SCHOOLS;Schools for Special Needs
EDUCATION;MIDDLE SCHOOLS;Bilingual Schools
EDUCATION;MIDDLE SCHOOLS;Indendepent Schools
EDUCATION;MIDDLE SCHOOLS;Schools for Special Interests
EDUCATION;MIDDLE SCHOOLS;Therapeutic Schools and Programs
EDUCATION;MIDDLE SCHOOLS;School Placement Advisors
EDUCATION;MIDDLE SCHOOLS;Educational Consultants
EDUCATION;HIGH SCHOOLS;Schools for Special Needs
EDUCATION;HIGH SCHOOLS;Indendepent Schools
EDUCATION;HIGH SCHOOLS;Schools for Special Interests 
EDUCATION;HIGH SCHOOLS;Therapeutic Schools and Programs
EDUCATION;HIGH SCHOOLS;School Placement Advisors
EDUCATION;HIGH SCHOOLS;Educational Consultants
EDUCATION;COLLEGES;College Essay Coaches
EDUCATION;COLLEGES;Admissions Advisors
EDUCATION;COLLEGES;Financial Aid Advisors
EDUCATION;COLLEGES;School Placement Advisors 
EDUCATION;COLLEGES;Educational Consultants
EDUCATION;COLLEGES;Gap Year Programs and Advisors
EDUCATION;ENRICHMENT CLASSES & LESSONS;Music Lessons
EDUCATION;ENRICHMENT CLASSES & LESSONS;Martial Arts
EDUCATION;ENRICHMENT CLASSES & LESSONS;Dance Classes
EDUCATION;ENRICHMENT CLASSES & LESSONS;Math
EDUCATION;ENRICHMENT CLASSES & LESSONS;Science
EDUCATION;ENRICHMENT CLASSES & LESSONS;History and Culture
EDUCATION;ENRICHMENT CLASSES & LESSONS;Visual Arts
EDUCATION;ENRICHMENT CLASSES & LESSONS;Languages/Language Arts
EDUCATION;ENRICHMENT CLASSES & LESSONS;Technology
EDUCATION;ENRICHMENT CLASSES & LESSONS;Filmmaking
EDUCATION;ENRICHMENT CLASSES & LESSONS;Driver Training
EDUCATION;ENRICHMENT CLASSES & LESSONS;Etiquette Classes
EDUCATION;ENRICHMENT CLASSES & LESSONS;Communication Classes
EDUCATION;ENRICHMENT CLASSES & LESSONS;Acting and Playwriting Classes
EDUCATION;ENRICHMENT CLASSES & LESSONS;Nature and Environment
EDUCATION;ENRICHMENT CLASSES & LESSONS;Reading
EDUCATION;TUTORING & TEST PREP;Academic Tutors
EDUCATION;TUTORING & TEST PREP;Test Prep Tutors
EDUCATION;SPECIAL NEEDS;Special Education Advocates
EDUCATION;SPECIAL NEEDS;Special Education Attorneys
EDUCATION;SPECIAL NEEDS;Special Education Services
EDUCATION;SPECIAL NEEDS;Educational Consultants
EDUCATION;SPECIAL NEEDS;Educational Therapists
FAMILY SERVICES;CHILD CARE;Au Pairs
FAMILY SERVICES;CHILD CARE;Day Care Homes and Centers
FAMILY SERVICES;CHILD CARE;Drop-In Care
FAMILY SERVICES;CHILD CARE;Emergency Child Care
FAMILY SERVICES;CHILD CARE;Nannies
FAMILY SERVICES;CHILD CARE;Preschools
FAMILY SERVICES;CHILD CARE;Respite Care
FAMILY SERVICES;CHILD CARE;Kids' Transportation Services
FAMILY SERVICES;CHILD CARE;Child Care for Special Needs
FAMILY SERVICES;PREGNANCY & BIRTH;Birth Doulas
FAMILY SERVICES;PREGNANCY & BIRTH;Childbirth Educators and Classes
FAMILY SERVICES;PREGNANCY & BIRTH;Fertility and Insemination Specialists
FAMILY SERVICES;PREGNANCY & BIRTH;Midwives
FAMILY SERVICES;PREGNANCY & BIRTH;Ob-Gyns
FAMILY SERVICES;ADOPTION;Adoption Attorneys
FAMILY SERVICES;ADOPTION;Adoption Agencies
FAMILY SERVICES;ADOPTION;Adoption Services
FAMILY SERVICES;NEW PARENT SUPPORT;Childproofing Services
FAMILY SERVICES;NEW PARENT SUPPORT;Child Sleep Consultants
FAMILY SERVICES;NEW PARENT SUPPORT;Diaper Services
FAMILY SERVICES;NEW PARENT SUPPORT;Lactation Consultants
FAMILY SERVICES;NEW PARENT SUPPORT;Newborn Care Classes
FAMILY SERVICES;NEW PARENT SUPPORT;Parenting Coaches and Therapists
FAMILY SERVICES;NEW PARENT SUPPORT;Support Groups
FAMILY SERVICES;NEW PARENT SUPPORT;Postpartum Doulas
FAMILY SERVICES;NEW PARENT SUPPORT;Kids' Haircuts
FAMILY SERVICES;NEW PARENT SUPPORT;First Aid and CPR Classes
FAMILY SERVICES;NEW PARENT SUPPORT;Infant Massage Classes
FAMILY SERVICES;NEW PARENT SUPPORT;Baby Food Delivery
FAMILY SERVICES;NEW PARENT SUPPORT;Baby Sign Language
FAMILY SERVICES;HOME SERVICES;Home Allergen Inspections
FAMILY SERVICES;HOME SERVICES;Home Organizers
FAMILY SERVICES;MILESTONES & EVENTS;Party Planners and Services
FAMILY SERVICES;MILESTONES & EVENTS;Photographers
FAMILY SERVICES;LEGAL SUPPORT;Adoption Attorneys
FAMILY SERVICES;LEGAL SUPPORT;Divorce Attorneys
FAMILY SERVICES;LEGAL SUPPORT;Family Law Attorneys
FAMILY SERVICES;LEGAL SUPPORT;Juvenile Law Attorneys
FAMILY SERVICES;LEGAL SUPPORT;Special Education Attorneys
HEALTH;CHILDREN'S HEALTH;Allergists/Immunologists
HEALTH;CHILDREN'S HEALTH;Audiologists
HEALTH;CHILDREN'S HEALTH;Cardiologists
HEALTH;CHILDREN'S HEALTH;Dentists
HEALTH;CHILDREN'S HEALTH;Dermatologists
HEALTH;CHILDREN'S HEALTH;Developmental-Behavioral Pediatricians
HEALTH;CHILDREN'S HEALTH;Endocrinologists
HEALTH;CHILDREN'S HEALTH;Family Doctors
HEALTH;CHILDREN'S HEALTH;Gastroenterologists
HEALTH;CHILDREN'S HEALTH;Hematologists/Oncologists
HEALTH;CHILDREN'S HEALTH;Internal Medicine Specialists
HEALTH;CHILDREN'S HEALTH;Nutritionists
HEALTH;CHILDREN'S HEALTH;Occupational Therapists
HEALTH;CHILDREN'S HEALTH;Ophthalmologists
HEALTH;CHILDREN'S HEALTH;Orthodontists
HEALTH;CHILDREN'S HEALTH;Orthopedists
HEALTH;CHILDREN'S HEALTH;Otolaryngologists (ENTs)
HEALTH;CHILDREN'S HEALTH;Pediatricians
HEALTH;CHILDREN'S HEALTH;Physical Therapists
HEALTH;CHILDREN'S HEALTH;Psychiatrists
HEALTH;CHILDREN'S HEALTH;Psychologists
HEALTH;CHILDREN'S HEALTH;Pulmonologists
HEALTH;CHILDREN'S HEALTH;Rheumatologists
HEALTH;CHILDREN'S HEALTH;Speech Therapists
HEALTH;CHILDREN'S HEALTH;Sports Medicine Specialists
HEALTH;CHILDREN'S HEALTH;Urologists
HEALTH;MATERNAL HEALTH;Birth Doulas
HEALTH;MATERNAL HEALTH;Midwives
HEALTH;MATERNAL HEALTH;Ob-Gyns
HEALTH;MATERNAL HEALTH;Fertility and Insemination Specialists
HEALTH;MATERNAL HEALTH;Reproductive Endocrinologists
HEALTH;MATERNAL HEALTH;Physical Therapists
HEALTH;MATERNAL HEALTH;Massage Therapists
HEALTH;FAMILY HEALTH & WELLNESS;Family Doctors
HEALTH;FAMILY HEALTH & WELLNESS;Family Dentists
HEALTH;FAMILY HEALTH & WELLNESS;Nutritionists
HEALTH;FAMILY HEALTH & WELLNESS;Yoga Classes
HEALTH;FAMILY HEALTH & WELLNESS;Personal Trainers
HEALTH;FAMILY HEALTH & WELLNESS;First Aid and CPR Classes
HEALTH;FAMILY HEALTH & WELLNESS;Lice Treatment
HEALTH;FAMILY HEALTH & WELLNESS;Home Allergen Inspections
HEALTH;FAMILY HEALTH & WELLNESS;Massage Therapists
HEALTH;INTEGRATIVE FAMILY MEDICINE;Acupuncturists
HEALTH;INTEGRATIVE FAMILY MEDICINE;Chiropractors
HEALTH;INTEGRATIVE FAMILY MEDICINE;Herbalists
HEALTH;INTEGRATIVE FAMILY MEDICINE;Massage Therapists
HEALTH;INTEGRATIVE FAMILY MEDICINE;Mind-Body Therapists
HEALTH;INTEGRATIVE FAMILY MEDICINE;Naturopaths
HEALTH;INTEGRATIVE FAMILY MEDICINE;Orthopedists
HEALTH;INTEGRATIVE FAMILY MEDICINE;Pediatricians
HEALTH;INTEGRATIVE FAMILY MEDICINE;Family Doctors
HEALTH;INTEGRATIVE FAMILY MEDICINE;Integrative Medicine Specialists
THERAPY & COACHING;CHILD & FAMILY;Addiction Therapists
THERAPY & COACHING;CHILD & FAMILY;ADHD Coaches and Therapists
THERAPY & COACHING;CHILD & FAMILY;Applied Behavior Analysts
THERAPY & COACHING;CHILD & FAMILY;Art Therapists
THERAPY & COACHING;CHILD & FAMILY;Couples Therapists
THERAPY & COACHING;CHILD & FAMILY;Eating Disorder Therapists
THERAPY & COACHING;CHILD & FAMILY;Educational Therapists
THERAPY & COACHING;CHILD & FAMILY;Equine-Assisted Therapy
THERAPY & COACHING;CHILD & FAMILY;Music Therapists
THERAPY & COACHING;CHILD & FAMILY;Occupational Therapists
THERAPY & COACHING;CHILD & FAMILY;Parenting Coaches and Therapists
THERAPY & COACHING;CHILD & FAMILY;Physical Therapists
THERAPY & COACHING;CHILD & FAMILY;Psychological Testing
THERAPY & COACHING;CHILD & FAMILY;Sexuality Education Consultants
THERAPY & COACHING;CHILD & FAMILY;Social Skills Therapists
THERAPY & COACHING;CHILD & FAMILY;Speech Therapists
THERAPY & COACHING;CHILD & FAMILY;Child and Family Therapists
THERAPY & COACHING;CHILD & FAMILY;Support Groups
THERAPY & COACHING;CHILD & FAMILY;Psychologists
THERAPY & COACHING;COUPLES/ADULT;Couples Therapists
THERAPY & COACHING;COUPLES/ADULT;Parenting Coaches and Therapists
THERAPY & COACHING;COUPLES/ADULT;Support Groups
